Feature,Importance
URLSimilarityIndex,0.9868448053854136
LineOfCode,0.012722224091497654
IsHTTPS,0.0003896662467115754
NoOfSubDomain,4.330427637723342e-05
TLD_xn--6frz82g,0.0
TLD_wtf,0.0
TLD_zw,0.0
URLLength,0.0
DomainLength,0.0
IsDomainIP,0.0
TLD_vn,0.0
HasObfuscation,0.0
NoOfObfuscatedChar,0.0
ObfuscationRatio,0.0
NoOfLettersInURL,0.0
LetterRatioInURL,0.0
NoOfDegitsInURL,0.0
DegitRatioInURL,0.0
NoOfEqualsInURL,0.0
NoOfQMarkInURL,0.0
NoOfAmpersandInURL,0.0
NoOfOtherSpecialCharsInURL,0.0
SpacialCharRatioInURL,0.0
TLDLegitimateProb,0.0
HasTitle,0.0
DomainTitleMatchScore,0.0
URLTitleMatchScore,0.0
HasFavicon,0.0
Robots,0.0
IsResponsive,0.0
NoOfURLRedirect,0.0
NoOfSelfRedirect,0.0
HasDescription,0.0
NoOfPopup,0.0
NoOfiFrame,0.0
HasExternalFormSubmit,0.0
HasSocialNet,0.0
HasSubmitButton,0.0
HasHiddenFields,0.0
HasPasswordField,0.0
Bank,0.0
Pay,0.0
Crypto,0.0
HasCopyrightInfo,0.0
NoOfImage,0.0
NoOfCSS,0.0
NoOfJS,0.0
NoOfSelfRef,0.0
NoOfEmptyRef,0.0
NoOfExternalRef,0.0
TLD_101,0.0
TLD_103,0.0
TLD_106,0.0
TLD_107,0.0
TLD_108,0.0
TLD_11,0.0
TLD_110,0.0
TLD_111,0.0
TLD_116,0.0
TLD_117,0.0
TLD_12,0.0
TLD_120,0.0
TLD_121,0.0
TLD_123,0.0
TLD_125,0.0
TLD_126,0.0
TLD_126:8080,0.0
TLD_128,0.0
TLD_13,0.0
TLD_130,0.0
TLD_133:8080,0.0
TLD_134,0.0
TLD_136,0.0
TLD_14,0.0
TLD_140,0.0
TLD_145,0.0
TLD_146,0.0
TLD_148,0.0
TLD_149,0.0
TLD_15,0.0
TLD_150,0.0
TLD_151,0.0
TLD_154,0.0
TLD_155,0.0
TLD_158,0.0
TLD_160,0.0
TLD_161,0.0
TLD_162,0.0
TLD_163,0.0
TLD_165,0.0
TLD_166,0.0
TLD_167,0.0
TLD_171,0.0
TLD_173,0.0
TLD_177,0.0
TLD_178,0.0
TLD_181,0.0
TLD_182,0.0
TLD_184,0.0
TLD_185,0.0
TLD_187,0.0
TLD_188:10003,0.0
TLD_189,0.0
TLD_196,0.0
TLD_197,0.0
TLD_198,0.0
TLD_199,0.0
TLD_20,0.0
TLD_200,0.0
TLD_203,0.0
TLD_206,0.0
TLD_21,0.0
TLD_210,0.0
TLD_211,0.0
TLD_211:8383,0.0
TLD_214,0.0
TLD_216,0.0
TLD_220,0.0
TLD_221,0.0
TLD_222,0.0
TLD_223,0.0
TLD_225,0.0
TLD_227,0.0
TLD_230,0.0
TLD_231,0.0
TLD_232,0.0
TLD_233,0.0
TLD_234,0.0
TLD_235,0.0
TLD_237,0.0
TLD_238,0.0
TLD_24,0.0
TLD_240,0.0
TLD_240:8087,0.0
TLD_242,0.0
TLD_243,0.0
TLD_249:8080,0.0
TLD_250,0.0
TLD_252,0.0
TLD_254:30332,0.0
TLD_26,0.0
TLD_27,0.0
TLD_28,0.0
TLD_30,0.0
TLD_33,0.0
TLD_38,0.0
TLD_39,0.0
TLD_41,0.0
TLD_42,0.0
TLD_43,0.0
TLD_46,0.0
TLD_47,0.0
TLD_51,0.0
TLD_52,0.0
TLD_63,0.0
TLD_67,0.0
TLD_68:8080,0.0
TLD_69,0.0
TLD_71,0.0
TLD_78,0.0
TLD_80,0.0
TLD_80:8085,0.0
TLD_84,0.0
TLD_86,0.0
TLD_87,0.0
TLD_94,0.0
TLD_95,0.0
TLD_ac,0.0
TLD_academy,0.0
TLD_ad,0.0
TLD_ae,0.0
TLD_aero,0.0
TLD_af,0.0
TLD_africa,0.0
TLD_ag,0.0
TLD_agency,0.0
TLD_ai,0.0
TLD_al,0.0
TLD_am,0.0
TLD_amsterdam,0.0
TLD_ao,0.0
TLD_app,0.0
TLD_aq,0.0
TLD_ar,0.0
TLD_archi,0.0
TLD_art,0.0
TLD_as,0.0
TLD_asia,0.0
TLD_associates,0.0
TLD_at,0.0
TLD_au,0.0
TLD_audio,0.0
TLD_auto,0.0
TLD_autos,0.0
TLD_aw,0.0
TLD_ax,0.0
TLD_az,0.0
TLD_ba,0.0
TLD_band,0.0
TLD_bank,0.0
TLD_bar,0.0
TLD_barcelona,0.0
TLD_basketball,0.0
TLD_bayern,0.0
TLD_bb,0.0
TLD_bd,0.0
TLD_be,0.0
TLD_beauty,0.0
TLD_beer,0.0
TLD_berlin,0.0
TLD_best,0.0
TLD_bet,0.0
TLD_bf,0.0
TLD_bg,0.0
TLD_bh,0.0
TLD_bi,0.0
TLD_bid,0.0
TLD_bike,0.0
TLD_bio,0.0
TLD_biz,0.0
TLD_bj,0.0
TLD_black,0.0
TLD_blog,0.0
TLD_bm,0.0
TLD_bn,0.0
TLD_bo,0.0
TLD_bond,0.0
TLD_boutique,0.0
TLD_br,0.0
TLD_bs,0.0
TLD_bt,0.0
TLD_build,0.0
TLD_builders,0.0
TLD_business,0.0
TLD_buzz,0.0
TLD_bw,0.0
TLD_by,0.0
TLD_bz,0.0
TLD_ca,0.0
TLD_cab,0.0
TLD_cafe,0.0
TLD_cam,0.0
TLD_camera,0.0
TLD_camp,0.0
TLD_capital,0.0
TLD_car,0.0
TLD_cards,0.0
TLD_care,0.0
TLD_careers,0.0
TLD_cars,0.0
TLD_casa,0.0
TLD_cash,0.0
TLD_cat,0.0
TLD_cc,0.0
TLD_cc:8443,0.0
TLD_cd,0.0
TLD_center,0.0
TLD_cern,0.0
TLD_cf,0.0
TLD_cfd,0.0
TLD_ch,0.0
TLD_chat,0.0
TLD_church,0.0
TLD_ci,0.0
TLD_citic,0.0
TLD_city,0.0
TLD_ck,0.0
TLD_cl,0.0
TLD_cleaning,0.0
TLD_click,0.0
TLD_clothing,0.0
TLD_cloud,0.0
TLD_club,0.0
TLD_cm,0.0
TLD_cn,0.0
TLD_co,0.0
TLD_coach,0.0
TLD_codes,0.0
TLD_coffee,0.0
TLD_college,0.0
TLD_com,0.0
TLD_com:2096,0.0
TLD_com:4000,0.0
TLD_com:443,0.0
TLD_com:9595,0.0
TLD_community,0.0
TLD_company,0.0
TLD_computer,0.0
TLD_condos,0.0
TLD_consulting,0.0
TLD_cool,0.0
TLD_coop,0.0
TLD_corsica,0.0
TLD_cr,0.0
TLD_crs,0.0
TLD_cu,0.0
TLD_cv,0.0
TLD_cx,0.0
TLD_cy,0.0
TLD_cymru,0.0
TLD_cyou,0.0
TLD_cz,0.0
TLD_date,0.0
TLD_de,0.0
TLD_delivery,0.0
TLD_dental,0.0
TLD_design,0.0
TLD_dev,0.0
TLD_diamonds,0.0
TLD_digital,0.0
TLD_direct,0.0
TLD_dj,0.0
TLD_dk,0.0
TLD_dm,0.0
TLD_do,0.0
TLD_dog,0.0
TLD_domains,0.0
TLD_download,0.0
TLD_dz,0.0
TLD_earth,0.0
TLD_ec,0.0
TLD_eco,0.0
TLD_edu,0.0
TLD_education,0.0
TLD_ee,0.0
TLD_eg,0.0
TLD_email,0.0
TLD_energy,0.0
TLD_engineering,0.0
TLD_es,0.0
TLD_et,0.0
TLD_eu,0.0
TLD_eus,0.0
TLD_events,0.0
TLD_exchange,0.0
TLD_expert,0.0
TLD_express,0.0
TLD_faith,0.0
TLD_family,0.0
TLD_farm,0.0
TLD_fashion,0.0
TLD_fi,0.0
TLD_film,0.0
TLD_finance,0.0
TLD_fit,0.0
TLD_fitness,0.0
TLD_fj,0.0
TLD_fk,0.0
TLD_flights,0.0
TLD_fm,0.0
TLD_fo,0.0
TLD_foundation,0.0
TLD_fr,0.0
TLD_fr:443,0.0
TLD_fun,0.0
TLD_fund,0.0
TLD_furniture,0.0
TLD_fyi,0.0
TLD_ga,0.0
TLD_gal,0.0
TLD_gallery,0.0
TLD_game,0.0
TLD_games,0.0
TLD_garden,0.0
TLD_gay,0.0
TLD_gd,0.0
TLD_gdn,0.0
TLD_ge,0.0
TLD_gf,0.0
TLD_gg,0.0
TLD_gh,0.0
TLD_gi,0.0
TLD_gift,0.0
TLD_gifts,0.0
TLD_gives,0.0
TLD_gl,0.0
TLD_gle,0.0
TLD_global,0.0
TLD_gmbh,0.0
TLD_gold,0.0
TLD_golf,0.0
TLD_goog,0.0
TLD_google,0.0
TLD_gov,0.0
TLD_gp,0.0
TLD_gq,0.0
TLD_gr,0.0
TLD_green,0.0
TLD_group,0.0
TLD_gs,0.0
TLD_gt,0.0
TLD_guide,0.0
TLD_guitars,0.0
TLD_guru,0.0
TLD_gy,0.0
TLD_hair,0.0
TLD_hamburg,0.0
TLD_health,0.0
TLD_healthcare,0.0
TLD_help,0.0
TLD_hk,0.0
TLD_hn,0.0
TLD_holdings,0.0
TLD_holiday,0.0
TLD_homes,0.0
TLD_host,0.0
TLD_hosting,0.0
TLD_house,0.0
TLD_hr,0.0
TLD_ht,0.0
TLD_hu,0.0
TLD_icu,0.0
TLD_id,0.0
TLD_ie,0.0
TLD_il,0.0
TLD_im,0.0
TLD_immo,0.0
TLD_in,0.0
TLD_industries,0.0
TLD_info,0.0
TLD_ink,0.0
TLD_institute,0.0
TLD_int,0.0
TLD_international,0.0
TLD_investments,0.0
TLD_io,0.0
TLD_iq,0.0
TLD_ir,0.0
TLD_is,0.0
TLD_ist,0.0
TLD_istanbul,0.0
TLD_it,0.0
TLD_je,0.0
TLD_jm,0.0
TLD_jo,0.0
TLD_jobs,0.0
TLD_jp,0.0
TLD_ke,0.0
TLD_kg,0.0
TLD_kh,0.0
TLD_ki,0.0
TLD_kim,0.0
TLD_kitchen,0.0
TLD_kiwi,0.0
TLD_kn,0.0
TLD_koeln,0.0
TLD_kr,0.0
TLD_krd,0.0
TLD_kred,0.0
TLD_kw,0.0
TLD_ky,0.0
TLD_kz,0.0
TLD_la,0.0
TLD_land,0.0
TLD_land:443,0.0
TLD_lat,0.0
TLD_law,0.0
TLD_lb,0.0
TLD_lc,0.0
TLD_legal,0.0
TLD_lgbt,0.0
TLD_li,0.0
TLD_life,0.0
TLD_lighting,0.0
TLD_limited,0.0
TLD_limo,0.0
TLD_link,0.0
TLD_live,0.0
TLD_lk,0.0
TLD_loan,0.0
TLD_lol,0.0
TLD_london,0.0
TLD_love,0.0
TLD_lr,0.0
TLD_ls,0.0
TLD_lt,0.0
TLD_ltd,0.0
TLD_lu,0.0
TLD_lundbeck,0.0
TLD_lv,0.0
TLD_ly,0.0
TLD_ma,0.0
TLD_madrid,0.0
TLD_maison,0.0
TLD_makeup,0.0
TLD_management,0.0
TLD_market,0.0
TLD_marketing,0.0
TLD_markets,0.0
TLD_mba,0.0
TLD_mc,0.0
TLD_md,0.0
TLD_me,0.0
TLD_media,0.0
TLD_menu,0.0
TLD_mg,0.0
TLD_miami,0.0
TLD_mil,0.0
TLD_mk,0.0
TLD_ml,0.0
TLD_mm,0.0
TLD_mma,0.0
TLD_mn,0.0
TLD_mo,0.0
TLD_mobi,0.0
TLD_moe,0.0
TLD_mom,0.0
TLD_money,0.0
TLD_monster,0.0
TLD_mortgage,0.0
TLD_moscow,0.0
TLD_movie,0.0
TLD_mp,0.0
TLD_mq,0.0
TLD_mr,0.0
TLD_ms,0.0
TLD_mt,0.0
TLD_mu,0.0
TLD_museum,0.0
TLD_mv,0.0
TLD_mw,0.0
TLD_mx,0.0
TLD_my,0.0
TLD_mz,0.0
TLD_na,0.0
TLD_nagoya,0.0
TLD_name,0.0
TLD_navy,0.0
TLD_nc,0.0
TLD_ne,0.0
TLD_net,0.0
TLD_network,0.0
TLD_neustar,0.0
TLD_news,0.0
TLD_nf,0.0
TLD_ng,0.0
TLD_ngo,0.0
TLD_ni,0.0
TLD_ninja,0.0
TLD_nl,0.0
TLD_no,0.0
TLD_np,0.0
TLD_nr,0.0
TLD_nrw,0.0
TLD_ntt,0.0
TLD_nu,0.0
TLD_nyc,0.0
TLD_nz,0.0
TLD_om,0.0
TLD_one,0.0
TLD_online,0.0
TLD_ooo,0.0
TLD_org,0.0
TLD_ovh,0.0
TLD_pa,0.0
TLD_page,0.0
TLD_paris,0.0
TLD_parts,0.0
TLD_party,0.0
TLD_pe,0.0
TLD_pet,0.0
TLD_pf,0.0
TLD_pg,0.0
TLD_ph,0.0
TLD_photo,0.0
TLD_photography,0.0
TLD_photos,0.0
TLD_pics,0.0
TLD_pink,0.0
TLD_pk,0.0
TLD_pl,0.0
TLD_pl:443,0.0
TLD_place,0.0
TLD_plus,0.0
TLD_pm,0.0
TLD_pn,0.0
TLD_post,0.0
TLD_press,0.0
TLD_pro,0.0
TLD_promo,0.0
TLD_ps,0.0
TLD_pt,0.0
TLD_pub,0.0
TLD_pw,0.0
TLD_py,0.0
TLD_qa,0.0
TLD_quest,0.0
TLD_racing,0.0
TLD_radio,0.0
TLD_re,0.0
TLD_recipes,0.0
TLD_red,0.0
TLD_rentals,0.0
TLD_repair,0.0
TLD_report,0.0
TLD_rest,0.0
TLD_review,0.0
TLD_reviews,0.0
TLD_rip,0.0
TLD_ro,0.0
TLD_rocks,0.0
TLD_rs,0.0
TLD_ru,0.0
TLD_rugby,0.0
TLD_ruhr,0.0
TLD_run,0.0
TLD_rw,0.0
TLD_sa,0.0
TLD_salon,0.0
TLD_sb,0.0
TLD_sbs,0.0
TLD_sc,0.0
TLD_school,0.0
TLD_schule,0.0
TLD_science,0.0
TLD_scot,0.0
TLD_sd,0.0
TLD_se,0.0
TLD_services,0.0
TLD_sexy,0.0
TLD_sg,0.0
TLD_sh,0.0
TLD_sharp,0.0
TLD_shoes,0.0
TLD_shop,0.0
TLD_show,0.0
TLD_si,0.0
TLD_site,0.0
TLD_sk,0.0
TLD_ski,0.0
TLD_skin,0.0
TLD_sm,0.0
TLD_sn,0.0
TLD_so,0.0
TLD_social,0.0
TLD_software,0.0
TLD_solutions,0.0
TLD_soy,0.0
TLD_space,0.0
TLD_sport,0.0
TLD_sr,0.0
TLD_ss,0.0
TLD_st,0.0
TLD_store,0.0
TLD_stream,0.0
TLD_studio,0.0
TLD_study,0.0
TLD_su,0.0
TLD_supply,0.0
TLD_support,0.0
TLD_sv,0.0
TLD_swiss,0.0
TLD_sx,0.0
TLD_sy,0.0
TLD_systems,0.0
TLD_sz,0.0
TLD_taipei,0.0
TLD_tatar,0.0
TLD_tattoo,0.0
TLD_tax,0.0
TLD_taxi,0.0
TLD_tc,0.0
TLD_team,0.0
TLD_tech,0.0
TLD_technology,0.0
TLD_tel,0.0
TLD_tf,0.0
TLD_tg,0.0
TLD_th,0.0
TLD_theater,0.0
TLD_tips,0.0
TLD_tirol,0.0
TLD_tj,0.0
TLD_tk,0.0
TLD_tl,0.0
TLD_tm,0.0
TLD_tn,0.0
TLD_to,0.0
TLD_today,0.0
TLD_tokyo,0.0
TLD_tools,0.0
TLD_top,0.0
TLD_tours,0.0
TLD_town,0.0
TLD_toys,0.0
TLD_tr,0.0
TLD_trade,0.0
TLD_trading,0.0
TLD_training,0.0
TLD_travel,0.0
TLD_tt,0.0
TLD_tv,0.0
TLD_tw,0.0
TLD_tz,0.0
TLD_ua,0.0
TLD_ug,0.0
TLD_uk,0.0
TLD_uno,0.0
TLD_us,0.0
TLD_uy,0.0
TLD_uz,0.0
TLD_va,0.0
TLD_vc,0.0
TLD_ve,0.0
TLD_vegas,0.0
TLD_ventures,0.0
TLD_vet,0.0
TLD_vg,0.0
TLD_vi,0.0
TLD_video,0.0
TLD_vip,0.0
TLD_vlaanderen,0.0
CharContinuationRate,0.0
TLD_vote,0.0
TLD_vu,0.0
TLD_wales,0.0
TLD_watch,0.0
TLD_weber,0.0
TLD_website,0.0
TLD_wf,0.0
TLD_wiki,0.0
TLD_win,0.0
TLD_wine,0.0
TLD_work,0.0
TLD_works,0.0
TLD_world,0.0
TLD_ws,0.0
TLDLength,0.0
URLCharProb,0.0
TLD_xn--90ais,0.0
TLD_xn--c1avg,0.0
TLD_xn--mk1bu44c,0.0
TLD_xn--p1acf,0.0
TLD_xn--p1ai,0.0
TLD_xyz,0.0
TLD_yachts,0.0
TLD_ye,0.0
TLD_yoga,0.0
TLD_youtube,0.0
TLD_yt,0.0
TLD_za,0.0
TLD_zm,0.0
TLD_zone,0.0
LargestLineLength,0.0
